./resources/images/usr_0/img0.jpg;0
./resources/images/usr_0/img1.jpg;0
./resources/images/usr_0/img2.jpg;0
./resources/images/usr_0/img3.jpg;0
./resources/images/usr_0/img4.jpg;0
./resources/images/usr_0/img5.jpg;0
./resources/images/usr_0/img6.jpg;0
./resources/images/usr_0/img7.jpg;0
./resources/images/usr_0/img8.jpg;0
./resources/images/usr_0/img9.jpg;0
./resources/images/usr_0/img10.jpg;0
./resources/images/usr_0/img11.jpg;0
./resources/images/usr_0/img12.jpg;0
./resources/images/usr_0/img13.jpg;0
./resources/images/usr_0/img14.jpg;0
./resources/images/usr_1/img0.jpg;1
./resources/images/usr_1/img1.jpg;1
./resources/images/usr_1/img2.jpg;1
./resources/images/usr_1/img3.jpg;1
./resources/images/usr_1/img4.jpg;1
./resources/images/usr_1/img5.jpg;1
./resources/images/usr_1/img6.jpg;1
./resources/images/usr_1/img7.jpg;1
./resources/images/usr_1/img8.jpg;1
./resources/images/usr_1/img9.jpg;1
./resources/images/usr_1/img10.jpg;1
./resources/images/usr_1/img11.jpg;1
./resources/images/usr_1/img12.jpg;1
./resources/images/usr_1/img13.jpg;1
./resources/images/usr_1/img14.jpg;1
./resources/images/usr_1/1405414756.jpg;1
./resources/images/usr_1/1405415002.jpg;1
./resources/images/usr_1/1405502481.jpg;1
./resources/images/usr_1/1406726457.jpg;1
./resources/images/usr_1/1406726923.jpg;1
./resources/images/usr_1/1406733019.jpg;1
./resources/images/usr_1/1406733051.jpg;1
./resources/images/usr_1/1406733525.jpg;1